"","region","population","treatment","isofemale","sex","replicate","n","Survival","X..Survival","proportion"
"1","Southwest","CAJ","hardening","D1","Females",1,10,2,20,0.2
"2","Southwest","CAJ","hardening","D1","Females",2,10,1,10,0.1
"3","Southwest","CAJ","hardening","D1","Females",3,10,5,50,0.5
"4","Southwest","CAJ","hardening","D1","Females",4,10,8,80,0.8
"5","Southwest","CAJ","hardening","D2","Females",1,10,1,10,0.1
"6","Southwest","CAJ","hardening","D2","Females",2,10,1,10,0.1
"7","Southwest","CAJ","hardening","D2","Females",3,10,2,20,0.2
"8","Southwest","CAJ","hardening","D2","Females",4,10,4,40,0.4
"9","Southwest","CAJ","hardening","D2","Females",5,10,9,90,0.9
"10","Southwest","CAJ","hardening","D2","Females",6,10,5,50,0.5
"11","Southwest","CAJ","hardening","D2","Females",7,10,1,10,0.1
"12","Southwest","CAJ","hardening","D2","Females",8,10,5,50,0.5
"13","Southwest","CAJ","hardening","D4","Females",1,10,7,70,0.7
"14","Southwest","CAJ","hardening","D4","Females",2,10,5,50,0.5
"15","Southwest","CAJ","hardening","D4","Females",3,10,4,40,0.4
"16","Southwest","CAJ","hardening","D4","Females",4,10,5,50,0.5
"17","Southwest","CAJ","hardening","D4","Females",5,10,2,20,0.2
"18","Southwest","CAJ","hardening","D4","Females",6,10,7,70,0.7
"19","Southwest","CAJ","hardening","D4","Females",7,10,5,50,0.5
"20","Southwest","CAJ","hardening","D7","Females",1,10,6,60,0.6
"21","Southwest","CAJ","hardening","D7","Females",2,10,7,70,0.7
"22","Southwest","CAJ","hardening","D7","Females",3,10,0,0,0
"23","Southwest","CAJ","hardening","D7","Females",4,10,4,40,0.4
"24","Southwest","CAJ","hardening","D7","Females",5,10,8,80,0.8
"25","Southwest","CAJ","hardening","D9","Females",1,10,2,20,0.2
"26","Southwest","CAJ","hardening","D9","Females",2,10,5,50,0.5
"27","Southwest","CAJ","hardening","D9","Females",3,10,2,20,0.2
"28","Southwest","CAJ","hardening","D9","Females",4,10,5,50,0.5
"29","Southwest","CAJ","hardening","D9","Females",5,10,2,20,0.2
"30","Southwest","CAJ","hardening","D9","Females",6,10,8,80,0.8
"31","Southwest","CAJ","hardening","D9","Females",7,10,4,40,0.4
"32","Southwest","REG","hardening","R4","Females",1,10,3,30,0.3
"33","Southwest","REG","hardening","R4","Females",2,10,1,10,0.1
"34","Southwest","REG","hardening","R4","Females",3,10,3,30,0.3
"35","Southwest","REG","hardening","R4","Females",4,10,0,0,0
"36","Southwest","REG","hardening","R4","Females",5,10,4,40,0.4
"37","Southwest","REG","hardening","R4","Females",6,10,3,30,0.3
"38","Southwest","REG","hardening","R4","Females",7,10,3,30,0.3
"39","Southwest","REG","hardening","R4","Females",8,10,7,70,0.7
"40","Southwest","REG","hardening","R4","Females",9,10,2,20,0.2
"41","Southwest","REG","hardening","R4","Females",10,10,5,50,0.5
"42","Southwest","REG","hardening","R4","Females",11,10,4,40,0.4
"43","Southwest","REG","hardening","R6","Females",1,10,1,10,0.1
"44","Southwest","REG","hardening","R6","Females",2,10,6,60,0.6
"45","Southwest","REG","hardening","R6","Females",3,10,1,10,0.1
"46","Southwest","REG","hardening","R6","Females",4,10,3,30,0.3
"47","Southwest","REG","hardening","R6","Females",5,10,5,50,0.5
"48","Southwest","REG","hardening","R6","Females",6,10,4,40,0.4
"49","Southwest","REG","hardening","R9","Females",1,10,0,0,0
"50","Southwest","REG","hardening","R9","Females",2,10,1,10,0.1
"51","Southwest","REG","hardening","R9","Females",3,10,2,20,0.2
"52","Southwest","REG","hardening","R9","Females",4,10,3,30,0.3
"53","Southwest","REG","hardening","R9","Females",5,10,8,80,0.8
"54","Southwest","REG","hardening","R9","Females",6,10,3,30,0.3
"55","Southwest","REG","hardening","R9","Females",7,10,4,40,0.4
"56","Southwest","REG","hardening","R9","Females",8,10,2,20,0.2
"57","Southwest","REG","hardening","R9","Females",9,10,3,30,0.3
"58","Southwest","REG","hardening","R9","Females",10,10,2,20,0.2
"59","Southwest","REG","hardening","R9","Females",11,10,4,40,0.4
"60","Southwest","REG","hardening","Southwest2","Females",1,10,5,50,0.5
"61","Southwest","REG","hardening","Southwest2","Females",2,10,3,30,0.3
"62","Southwest","REG","hardening","Southwest2","Females",3,10,0,0,0
"63","Southwest","REG","hardening","Southwest2","Females",4,10,2,20,0.2
"64","Southwest","REG","hardening","Southwest2","Females",5,10,1,10,0.1
"65","Southwest","REG","hardening","Southwest2","Females",6,10,4,40,0.4
"66","Southwest","REG","hardening","Southwest2","Females",7,10,2,20,0.2
"67","Southwest","REG","hardening","Southwest2","Females",8,10,1,10,0.1
"68","Southwest","REG","hardening","Southwest2","Females",9,10,2,20,0.2
"69","Southwest","REG","hardening","Southwest2","Females",10,10,1,10,0.1
"70","Southwest","REG","hardening","Southwest2","Females",11,10,2,20,0.2
"71","Southwest","REG","hardening","Southwest2","Females",12,10,5,50,0.5
"72","Southwest","REG","hardening","Southwest2","Females",13,10,2,20,0.2
"73","Southwest","REG","hardening","Southwest2","Females",14,10,3,30,0.3
"74","Southwest","PAV","hardening","Pa1","Females",1,10,2,20,0.2
"75","Southwest","PAV","hardening","Pa1","Females",2,10,3,30,0.3
"76","Southwest","PAV","hardening","Pa1","Females",3,10,4,40,0.4
"77","Southwest","PAV","hardening","Pa1","Females",4,10,3,30,0.3
"78","Southwest","PAV","hardening","Pa1","Females",5,10,2,20,0.2
"79","Southwest","PAV","hardening","Pa1","Females",6,10,2,20,0.2
"80","Southwest","PAV","hardening","Pa3","Females",1,10,2,20,0.2
"81","Southwest","PAV","hardening","Pa3","Females",2,10,0,0,0
"82","Southwest","PAV","hardening","Pa3","Females",3,10,1,10,0.1
"83","Southwest","PAV","hardening","Pa3","Females",4,10,3,30,0.3
"84","Southwest","PAV","hardening","Pa3","Females",5,10,2,20,0.2
"85","Southwest","PAV","hardening","Pa3","Females",6,10,2,20,0.2
"86","Southwest","PAV","hardening","Pa6","Females",1,10,0,0,0
"87","Southwest","PAV","hardening","Pa6","Females",2,10,0,0,0
"88","Southwest","PAV","hardening","Pa6","Females",3,10,2,20,0.2
"89","Southwest","PAV","hardening","Pa7","Females",1,10,4,40,0.4
"90","Southwest","PAV","hardening","Pa7","Females",2,10,0,0,0
"91","Southwest","PAV","hardening","Pa7","Females",3,10,1,10,0.1
"92","Southwest","PAV","hardening","Pa7","Females",4,10,2,20,0.2
"93","Southwest","PAV","hardening","Pa7","Females",5,10,4,40,0.4
"94","Southwest","PAV","hardening","Pa7","Females",6,10,2,20,0.2
"95","Southwest","PAV","hardening","Pa7","Females",7,10,1,10,0.1
"96","Southwest","PAV","hardening","Pa7","Females",8,10,4,40,0.4
"97","Southwest","PAV","hardening","Pa8","Females",1,10,1,10,0.1
"98","Southwest","PAV","hardening","Pa8","Females",2,10,0,0,0
"99","Southwest","PAV","hardening","Pa8","Females",3,10,0,0,0
"100","Southwest","PAV","hardening","Pa8","Females",4,10,1,10,0.1
"101","Southwest","PAV","hardening","Pa8","Females",5,10,1,10,0.1
"102","Southwest","PAV","hardening","Pa11","Females",1,10,1,10,0.1
"103","Southwest","PAV","hardening","Pa11","Females",2,10,3,30,0.3
"104","Southwest","PAV","hardening","Pa11","Females",3,10,2,20,0.2
"105","Southwest","PAV","hardening","Pa11","Females",4,10,1,10,0.1
"106","Southwest","PAV","hardening","Pa11","Females",5,10,1,10,0.1
"107","Southwest","PAV","hardening","Pa12","Females",1,10,0,0,0
"108","Southwest","PAV","hardening","Pa12","Females",2,10,0,0,0
"109","Southwest","PAV","hardening","Pa12","Females",3,10,1,10,0.1
"110","Southwest","PAV","hardening","Pa12","Females",4,10,1,10,0.1
"111","Southwest","PAV","hardening","Pa12","Females",5,10,1,10,0.1
"112","Southwest","PAV","hardening","Pa13","Females",1,10,1,10,0.1
"113","Southwest","PAV","hardening","Pa13","Females",2,10,4,40,0.4
"114","Southwest","PAV","hardening","Pa13","Females",3,10,3,30,0.3
"115","Southwest","PAV","hardening","Pa13","Females",4,10,2,20,0.2
"116","Southwest","PAV","hardening","Pa13","Females",5,10,0,0,0
"117","Southwest","PAV","hardening","Pa14","Females",1,10,1,10,0.1
"118","Southwest","PAV","hardening","Pa14","Females",2,10,1,10,0.1
"119","Southwest","PAV","hardening","Pa14","Females",3,10,2,20,0.2
"120","Southwest","PAV","hardening","Pa14","Females",4,10,2,20,0.2
"121","Southwest","PAV","hardening","Pa14","Females",5,10,2,20,0.2
"122","Southwest","PAV","hardening","Pa14","Females",6,10,3,30,0.3
"123","Southwest","PAV","hardening","Pa16","Females",1,10,0,0,0
"124","Southwest","PAV","hardening","Pa16","Females",2,10,0,0,0
"125","Southwest","PAV","hardening","Pa16","Females",3,10,0,0,0
"126","Southwest","PAV","hardening","Pa16","Females",4,10,0,0,0
"127","Southwest","PAV","hardening","Pa16","Females",5,10,0,0,0
"128","Southwest","PAV","hardening","Pa16","Females",6,10,0,0,0
"129","Southwest","PAV","hardening","Pa16","Females",7,10,0,0,0
"130","Southwest","PAV","hardening","Pa16","Females",8,10,1,10,0.1
"131","Southwest","PAV","hardening","Pa18","Females",1,10,3,30,0.3
"132","Southwest","PAV","hardening","Pa18","Females",2,10,2,20,0.2
"133","Southwest","PAV","hardening","Pa18","Females",3,10,3,30,0.3
"134","Southwest","PAV","hardening","Pa18","Females",4,10,2,20,0.2
"135","Southwest","PAV","hardening","Pa18","Females",5,10,0,0,0
"136","Southwest","CAN","hardening","C2","Females",1,10,0,0,0
"137","Southwest","CAN","hardening","C2","Females",2,10,1,10,0.1
"138","Southwest","CAN","hardening","C2","Females",3,10,0,0,0
"139","Southwest","CAN","hardening","C2","Females",4,10,0,0,0
"140","Southwest","CAN","hardening","C2","Females",5,10,1,10,0.1
"141","Southwest","CAN","hardening","C2","Females",6,10,0,0,0
"142","Southwest","CAN","hardening","C2","Females",7,10,0,0,0
"143","Southwest","CAN","hardening","C2","Females",8,10,1,10,0.1
"144","Southwest","CAN","hardening","C2","Females",9,10,3,30,0.3
"145","Southwest","CAN","hardening","C2","Females",10,10,0,0,0
"146","Southwest","CAN","hardening","C2","Females",11,10,0,0,0
"147","Southwest","CAN","hardening","C2","Females",12,10,0,0,0
"148","Southwest","CAN","hardening","C2","Females",13,10,2,20,0.2
"149","Southwest","CAN","hardening","C2","Females",14,10,4,40,0.4
"150","Southwest","CAN","hardening","C3","Females",1,10,5,50,0.5
"151","Southwest","CAN","hardening","C3","Females",2,10,6,60,0.6
"152","Southwest","CAN","hardening","C3","Females",3,10,5,50,0.5
"153","Southwest","CAN","hardening","C3","Females",4,10,3,30,0.3
"154","Southwest","CAN","hardening","C3","Females",5,10,2,20,0.2
"155","Southwest","CAN","hardening","C3","Females",6,10,0,0,0
"156","Southwest","CAN","hardening","C3","Females",7,10,4,40,0.4
"157","Southwest","CAN","hardening","C3","Females",8,10,2,20,0.2
"158","Southwest","CAN","hardening","C3","Females",9,10,3,30,0.3
"159","Southwest","CAN","hardening","C3","Females",10,10,2,20,0.2
"160","Southwest","CAN","hardening","C4","Females",1,10,0,0,0
"161","Southwest","CAN","hardening","C4","Females",2,10,1,10,0.1
"162","Southwest","CAN","hardening","C4","Females",3,10,0,0,0
"163","Southwest","CAN","hardening","C4","Females",4,10,0,0,0
"164","Southwest","CAN","hardening","C4","Females",5,10,1,10,0.1
"165","Southwest","CAN","hardening","C4","Females",6,10,4,40,0.4
"166","Southwest","CAN","hardening","C4","Females",7,10,2,20,0.2
"167","Southwest","CAN","hardening","C4","Females",8,10,1,10,0.1
"168","Southwest","CAN","hardening","C4","Females",9,10,1,10,0.1
"169","Southwest","CAN","hardening","C4","Females",10,10,2,20,0.2
"170","Southwest","CAN","hardening","C4","Females",11,10,6,60,0.6
"171","Southwest","CAN","hardening","C5","Females",1,10,1,10,0.1
"172","Southwest","CAN","hardening","C5","Females",2,10,1,10,0.1
"173","Southwest","CAN","hardening","C5","Females",3,10,3,30,0.3
"174","Southwest","CAN","hardening","C5","Females",4,10,1,10,0.1
"175","Southwest","CAN","hardening","C5","Females",6,10,1,10,0.1
"176","Southwest","CAN","hardening","C5","Females",7,10,0,0,0
"177","Southwest","CAN","hardening","C5","Females",8,10,1,10,0.1
"178","Southwest","CAN","hardening","C5","Females",9,10,1,10,0.1
"179","Southwest","CAN","hardening","C5","Females",10,10,3,30,0.3
"180","Southwest","CAN","hardening","C5","Females",11,10,2,20,0.2
"181","Southwest","CAN","hardening","C8","Females",1,10,0,0,0
"182","Southwest","CAN","hardening","C8","Females",2,10,1,10,0.1
"183","Southwest","CAN","hardening","C8","Females",3,10,2,20,0.2
"184","Southwest","CAN","hardening","C8","Females",4,10,6,60,0.6
"185","Southwest","CAN","hardening","C8","Females",5,10,3,30,0.3
"186","Southwest","CAN","hardening","C8","Females",6,10,2,20,0.2
"187","Southwest","CAN","hardening","C12","Females",1,10,1,10,0.1
"188","Southwest","CAN","hardening","C12","Females",2,10,0,0,0
"189","Southwest","CAN","hardening","C12","Females",3,10,2,20,0.2
"190","Southwest","CAN","hardening","C12","Females",4,10,3,30,0.3
"191","Southwest","PRA","hardening","P1","Females",1,10,4,40,0.4
"192","Southwest","PRA","hardening","P1","Females",2,10,7,70,0.7
"193","Southwest","PRA","hardening","P1","Females",3,10,3,30,0.3
"194","Southwest","PRA","hardening","P1","Females",4,10,5,50,0.5
"195","Southwest","PRA","hardening","P1","Females",5,10,7,70,0.7
"196","Southwest","PRA","hardening","P4","Females",1,10,3,30,0.3
"197","Southwest","PRA","hardening","P4","Females",2,10,1,10,0.1
"198","Southwest","PRA","hardening","P4","Females",3,10,1,10,0.1
"199","Southwest","PRA","hardening","P4","Females",4,10,1,10,0.1
"200","Southwest","PRA","hardening","P4","Females",5,10,2,20,0.2
"201","Southwest","PRA","hardening","P4","Females",6,10,3,30,0.3
"202","Southwest","PRA","hardening","P4","Females",7,10,2,20,0.2
"203","Southwest","PRA","hardening","P4","Females",8,10,3,30,0.3
"204","Southwest","PRA","hardening","P6","Females",1,10,1,10,0.1
"205","Southwest","PRA","hardening","P6","Females",2,10,4,40,0.4
"206","Southwest","PRA","hardening","P6","Females",3,10,5,50,0.5
"207","Southwest","PRA","hardening","P6","Females",4,10,3,30,0.3
"208","Southwest","PRA","hardening","P6","Females",5,10,2,20,0.2
"209","Southwest","PRA","hardening","P6","Females",6,10,3,30,0.3
"210","Southwest","PRA","hardening","P6","Females",7,10,4,40,0.4
"211","Southwest","PRA","hardening","P6","Females",8,10,0,0,0
"212","Southwest","PRA","hardening","P6","Females",9,10,2,20,0.2
"213","Southwest","PRA","hardening","P8","Females",1,10,5,50,0.5
"214","Southwest","PRA","hardening","P8","Females",2,10,4,40,0.4
"215","Southwest","PRA","hardening","P8","Females",3,10,5,50,0.5
"216","Southwest","PRA","hardening","P8","Females",4,10,6,60,0.6
"217","Southwest","PRA","hardening","P8","Females",5,10,2,20,0.2
"218","Southwest","PRA","hardening","P9","Females",1,10,1,10,0.1
"219","Southwest","PRA","hardening","P9","Females",2,10,1,10,0.1
"220","Southwest","PRA","hardening","P9","Females",3,10,2,20,0.2
"221","Southwest","PRA","hardening","P9","Females",4,10,3,30,0.3
"222","Southwest","PRA","hardening","P10","Females",1,10,1,10,0.1
"223","Southwest","PRA","hardening","P10","Females",2,10,1,10,0.1
"224","Southwest","PRA","hardening","P10","Females",3,10,2,20,0.2
"225","Southwest","PRA","hardening","P10","Females",4,10,2,20,0.2
"226","Southwest","PRA","hardening","P10","Females",5,10,1,10,0.1
"227","Southwest","PRA","hardening","P10","Females",6,10,4,40,0.4
"228","Southwest","PRA","hardening","P10","Females",7,10,1,10,0.1
"229","Southwest","ROZ","hardening","Ro2","Females",1,10,4,40,0.4
"230","Southwest","ROZ","hardening","Ro2","Females",2,10,0,0,0
"231","Southwest","ROZ","hardening","Ro2","Females",3,10,3,30,0.3
"232","Southwest","ROZ","hardening","Ro2","Females",4,10,2,20,0.2
"233","Southwest","ROZ","hardening","Ro2","Females",5,10,4,40,0.4
"234","Southwest","ROZ","hardening","Ro6","Females",1,10,2,20,0.2
"235","Southwest","ROZ","hardening","Ro6","Females",2,10,1,10,0.1
"236","Southwest","ROZ","hardening","Ro6","Females",3,10,1,10,0.1
"237","Southwest","ROZ","hardening","Ro6","Females",4,10,0,0,0
"238","Southwest","ROZ","hardening","Ro6","Females",5,10,3,30,0.3
"239","Southwest","ROZ","hardening","Ro6","Females",6,10,0,0,0
"240","Southwest","ROZ","hardening","Ro6","Females",7,10,0,0,0
"241","Southwest","ROZ","hardening","Ro6","Females",8,10,6,60,0.6
"242","Southwest","ROZ","hardening","Ro7","Females",1,10,1,10,0.1
"243","Southwest","ROZ","hardening","Ro7","Females",2,10,5,50,0.5
"244","Southwest","ROZ","hardening","Ro7","Females",3,10,5,50,0.5
"245","Southwest","ROZ","hardening","Ro7","Females",4,10,3,30,0.3
"246","Southwest","ROZ","hardening","Ro7","Females",5,10,7,70,0.7
"247","Southwest","ROZ","hardening","Ro7","Females",6,10,2,20,0.2
"248","Southwest","ROZ","hardening","Ro10","Females",1,10,1,10,0.1
"249","Southwest","ROZ","hardening","Ro10","Females",2,10,1,10,0.1
"250","Southwest","ROZ","hardening","Ro10","Females",3,10,1,10,0.1
"251","Southwest","ROZ","hardening","Ro10","Females",4,10,4,40,0.4
"252","Southwest","ROZ","hardening","Ro10","Females",5,10,2,20,0.2
"253","Southwest","ROZ","hardening","Ro14","Females",1,10,7,70,0.7
"254","Southwest","ROZ","hardening","Ro14","Females",2,10,3,30,0.3
"255","Southwest","ROZ","hardening","Ro14","Females",3,10,1,10,0.1
"256","Southwest","ROZ","hardening","Ro14","Females",4,10,2,20,0.2
"257","Southwest","ROZ","hardening","Ro14","Females",5,10,3,30,0.3
"258","Southwest","ROZ","hardening","Ro14","Females",6,10,4,40,0.4
"259","Southwest","CAJ","hardening","D1","Males",1,10,1,10,0.1
"260","Southwest","CAJ","hardening","D1","Males",2,10,1,10,0.1
"261","Southwest","CAJ","hardening","D1","Males",3,10,2,20,0.2
"262","Southwest","CAJ","hardening","D1","Males",4,10,3,30,0.3
"263","Southwest","CAJ","hardening","D1","Males",5,10,1,10,0.1
"264","Southwest","CAJ","hardening","D2","Males",1,10,1,10,0.1
"265","Southwest","CAJ","hardening","D2","Males",2,10,1,10,0.1
"266","Southwest","CAJ","hardening","D2","Males",3,10,6,60,0.6
"267","Southwest","CAJ","hardening","D2","Males",4,10,5,50,0.5
"268","Southwest","CAJ","hardening","D2","Males",5,10,5,50,0.5
"269","Southwest","CAJ","hardening","D2","Males",6,10,3,30,0.3
"270","Southwest","CAJ","hardening","D4","Males",1,10,3,30,0.3
"271","Southwest","CAJ","hardening","D4","Males",2,10,2,20,0.2
"272","Southwest","CAJ","hardening","D4","Males",3,10,6,60,0.6
"273","Southwest","CAJ","hardening","D4","Males",4,10,3,30,0.3
"274","Southwest","CAJ","hardening","D7","Males",1,10,6,60,0.6
"275","Southwest","CAJ","hardening","D7","Males",2,10,0,0,0
"276","Southwest","CAJ","hardening","D7","Males",3,10,4,40,0.4
"277","Southwest","CAJ","hardening","D7","Males",4,10,6,60,0.6
"278","Southwest","CAJ","hardening","D7","Males",5,10,8,80,0.8
"279","Southwest","CAJ","hardening","D7","Males",6,10,3,30,0.3
"280","Southwest","CAJ","hardening","D7","Males",7,10,1,10,0.1
"281","Southwest","CAJ","hardening","D7","Males",8,10,7,70,0.7
"282","Southwest","CAJ","hardening","D9","Males",1,10,3,30,0.3
"283","Southwest","CAJ","hardening","D9","Males",2,10,6,60,0.6
"284","Southwest","CAJ","hardening","D9","Males",3,10,0,0,0
"285","Southwest","CAJ","hardening","D9","Males",4,10,1,10,0.1
"286","Southwest","CAJ","hardening","D9","Males",5,10,4,40,0.4
"287","Southwest","CAJ","hardening","D9","Males",6,10,5,50,0.5
"288","Southwest","CAJ","hardening","D9","Males",7,10,2,20,0.2
"289","Southwest","REG","hardening","R4","Males",1,10,3,30,0.3
"290","Southwest","REG","hardening","R4","Males",2,10,0,0,0
"291","Southwest","REG","hardening","R4","Males",3,10,0,0,0
"292","Southwest","REG","hardening","R4","Males",4,10,0,0,0
"293","Southwest","REG","hardening","R4","Males",5,10,3,30,0.3
"294","Southwest","REG","hardening","R4","Males",6,10,1,10,0.1
"295","Southwest","REG","hardening","R4","Males",7,10,4,40,0.4
"296","Southwest","REG","hardening","R4","Males",8,10,1,10,0.1
"297","Southwest","REG","hardening","R4","Males",9,10,3,30,0.3
"298","Southwest","REG","hardening","R4","Males",10,10,4,40,0.4
"299","Southwest","REG","hardening","R4","Males",11,10,5,50,0.5
"300","Southwest","REG","hardening","R6","Males",1,10,0,0,0
"301","Southwest","REG","hardening","R6","Males",2,10,0,0,0
"302","Southwest","REG","hardening","R6","Males",3,10,3,30,0.3
"303","Southwest","REG","hardening","R6","Males",4,10,1,10,0.1
"304","Southwest","REG","hardening","R6","Males",5,10,5,50,0.5
"305","Southwest","REG","hardening","R6","Males",6,10,5,50,0.5
"306","Southwest","REG","hardening","R6","Males",7,10,4,40,0.4
"307","Southwest","REG","hardening","R6","Males",8,10,7,70,0.7
"308","Southwest","REG","hardening","R6","Males",9,10,1,10,0.1
"309","Southwest","REG","hardening","R9","Males",1,10,4,40,0.4
"310","Southwest","REG","hardening","R9","Males",2,10,2,20,0.2
"311","Southwest","REG","hardening","R9","Males",3,10,2,20,0.2
"312","Southwest","REG","hardening","R9","Males",4,10,3,30,0.3
"313","Southwest","REG","hardening","R9","Males",5,10,5,50,0.5
"314","Southwest","REG","hardening","R9","Males",6,10,3,30,0.3
"315","Southwest","REG","hardening","R9","Males",7,10,9,90,0.9
"316","Southwest","REG","hardening","R9","Males",8,10,0,0,0
"317","Southwest","REG","hardening","R9","Males",9,10,2,20,0.2
"318","Southwest","REG","hardening","R9","Males",10,10,1,10,0.1
"319","Southwest","REG","hardening","R9","Males",11,10,4,40,0.4
"320","Southwest","REG","hardening","R9","Males",12,10,2,20,0.2
"321","Southwest","REG","hardening","R9","Males",13,10,2,20,0.2
"322","Southwest","REG","hardening","R9","Males",14,10,2,20,0.2
"323","Southwest","REG","hardening","R9","Males",15,10,2,20,0.2
"324","Southwest","REG","hardening","Southwest2","Males",1,10,1,10,0.1
"325","Southwest","REG","hardening","Southwest2","Males",2,10,1,10,0.1
"326","Southwest","REG","hardening","Southwest2","Males",3,10,0,0,0
"327","Southwest","REG","hardening","Southwest2","Males",4,10,3,30,0.3
"328","Southwest","REG","hardening","Southwest2","Males",5,10,0,0,0
"329","Southwest","REG","hardening","Southwest2","Males",6,10,2,20,0.2
"330","Southwest","REG","hardening","Southwest2","Males",7,10,3,30,0.3
"331","Southwest","REG","hardening","Southwest2","Males",8,10,1,10,0.1
"332","Southwest","REG","hardening","Southwest2","Males",9,10,1,10,0.1
"333","Southwest","REG","hardening","Southwest2","Males",10,10,1,10,0.1
"334","Southwest","PAV","hardening","Pa1","Males",1,10,0,0,0
"335","Southwest","PAV","hardening","Pa1","Males",2,10,1,10,0.1
"336","Southwest","PAV","hardening","Pa1","Males",3,10,2,20,0.2
"337","Southwest","PAV","hardening","Pa1","Males",4,10,0,0,0
"338","Southwest","PAV","hardening","Pa3","Males",1,10,1,10,0.1
"339","Southwest","PAV","hardening","Pa3","Males",2,10,0,0,0
"340","Southwest","PAV","hardening","Pa3","Males",3,10,0,0,0
"341","Southwest","PAV","hardening","Pa3","Males",4,10,0,0,0
"342","Southwest","PAV","hardening","Pa3","Males",5,10,0,0,0
"343","Southwest","PAV","hardening","Pa6","Males",1,10,0,0,0
"344","Southwest","PAV","hardening","Pa6","Males",2,10,1,10,0.1
"345","Southwest","PAV","hardening","Pa6","Males",3,10,0,0,0
"346","Southwest","PAV","hardening","Pa7","Males",1,10,0,0,0
"347","Southwest","PAV","hardening","Pa7","Males",2,10,0,0,0
"348","Southwest","PAV","hardening","Pa7","Males",3,10,0,0,0
"349","Southwest","PAV","hardening","Pa7","Males",4,10,0,0,0
"350","Southwest","PAV","hardening","Pa7","Males",5,10,0,0,0
"351","Southwest","PAV","hardening","Pa7","Males",6,10,1,10,0.1
"352","Southwest","PAV","hardening","Pa8","Males",1,10,0,0,0
"353","Southwest","PAV","hardening","Pa8","Males",2,10,0,0,0
"354","Southwest","PAV","hardening","Pa8","Males",3,10,0,0,0
"355","Southwest","PAV","hardening","Pa8","Males",4,10,0,0,0
"356","Southwest","PAV","hardening","Pa8","Males",5,10,1,10,0.1
"357","Southwest","PAV","hardening","Pa8","Males",6,10,1,10,0.1
"358","Southwest","PAV","hardening","Pa11","Males",1,10,1,10,0.1
"359","Southwest","PAV","hardening","Pa11","Males",2,10,1,10,0.1
"360","Southwest","PAV","hardening","Pa11","Males",3,10,0,0,0
"361","Southwest","PAV","hardening","Pa11","Males",4,10,0,0,0
"362","Southwest","PAV","hardening","Pa11","Males",5,10,1,10,0.1
"363","Southwest","PAV","hardening","Pa11","Males",6,10,1,10,0.1
"364","Southwest","PAV","hardening","Pa12","Males",1,10,0,0,0
"365","Southwest","PAV","hardening","Pa12","Males",2,10,0,0,0
"366","Southwest","PAV","hardening","Pa12","Males",3,10,0,0,0
"367","Southwest","PAV","hardening","Pa12","Males",4,10,0,0,0
"368","Southwest","PAV","hardening","Pa12","Males",5,10,0,0,0
"369","Southwest","PAV","hardening","Pa13","Males",1,10,0,0,0
"370","Southwest","PAV","hardening","Pa13","Males",2,10,3,30,0.3
"371","Southwest","PAV","hardening","Pa13","Males",3,10,3,30,0.3
"372","Southwest","PAV","hardening","Pa13","Males",4,10,1,10,0.1
"373","Southwest","PAV","hardening","Pa13","Males",5,10,0,0,0
"374","Southwest","PAV","hardening","Pa14","Males",1,10,2,20,0.2
"375","Southwest","PAV","hardening","Pa14","Males",2,10,0,0,0
"376","Southwest","PAV","hardening","Pa14","Males",3,10,1,10,0.1
"377","Southwest","PAV","hardening","Pa14","Males",4,10,1,10,0.1
"378","Southwest","PAV","hardening","Pa14","Males",5,10,1,10,0.1
"379","Southwest","PAV","hardening","Pa14","Males",6,10,0,0,0
"380","Southwest","PAV","hardening","Pa16","Males",1,10,1,10,0.1
"381","Southwest","PAV","hardening","Pa16","Males",2,10,1,10,0.1
"382","Southwest","PAV","hardening","Pa16","Males",3,10,0,0,0
"383","Southwest","PAV","hardening","Pa16","Males",4,10,3,30,0.3
"384","Southwest","PAV","hardening","Pa16","Males",5,10,1,10,0.1
"385","Southwest","PAV","hardening","Pa16","Males",6,10,1,10,0.1
"386","Southwest","PAV","hardening","Pa18","Males",1,10,2,20,0.2
"387","Southwest","PAV","hardening","Pa18","Males",2,10,2,20,0.2
"388","Southwest","PAV","hardening","Pa18","Males",3,10,3,30,0.3
"389","Southwest","PAV","hardening","Pa18","Males",4,10,1,10,0.1
"390","Southwest","PAV","hardening","Pa18","Males",5,10,3,30,0.3
"391","Southwest","PAV","hardening","Pa18","Males",6,10,0,0,0
"392","Southwest","PAV","hardening","Pa18","Males",7,10,1,10,0.1
"393","Southwest","CAN","hardening","C2","Males",1,10,0,0,0
"394","Southwest","CAN","hardening","C2","Males",2,10,0,0,0
"395","Southwest","CAN","hardening","C2","Males",3,10,0,0,0
"396","Southwest","CAN","hardening","C2","Males",4,10,0,0,0
"397","Southwest","CAN","hardening","C2","Males",5,10,0,0,0
"398","Southwest","CAN","hardening","C2","Males",6,10,1,10,0.1
"399","Southwest","CAN","hardening","C2","Males",7,10,0,0,0
"400","Southwest","CAN","hardening","C2","Males",8,10,1,10,0.1
"401","Southwest","CAN","hardening","C2","Males",9,10,0,0,0
"402","Southwest","CAN","hardening","C2","Males",10,10,0,0,0
"403","Southwest","CAN","hardening","C2","Males",11,10,3,30,0.3
"404","Southwest","CAN","hardening","C2","Males",12,10,1,10,0.1
"405","Southwest","CAN","hardening","C2","Males",13,10,0,0,0
"406","Southwest","CAN","hardening","C2","Males",14,10,0,0,0
"407","Southwest","CAN","hardening","C2","Males",15,10,0,0,0
"408","Southwest","CAN","hardening","C2","Males",16,10,1,10,0.1
"409","Southwest","CAN","hardening","C2","Males",17,10,1,10,0.1
"410","Southwest","CAN","hardening","C2","Males",18,10,1,10,0.1
"411","Southwest","CAN","hardening","C2","Males",19,10,3,30,0.3
"412","Southwest","CAN","hardening","C2","Males",20,10,4,40,0.4
"413","Southwest","CAN","hardening","C3","Males",1,10,3,30,0.3
"414","Southwest","CAN","hardening","C3","Males",2,10,5,50,0.5
"415","Southwest","CAN","hardening","C3","Males",3,10,3,30,0.3
"416","Southwest","CAN","hardening","C3","Males",4,10,3,30,0.3
"417","Southwest","CAN","hardening","C3","Males",5,10,1,10,0.1
"418","Southwest","CAN","hardening","C3","Males",6,10,0,0,0
"419","Southwest","CAN","hardening","C3","Males",7,10,3,30,0.3
"420","Southwest","CAN","hardening","C3","Males",8,10,3,30,0.3
"421","Southwest","CAN","hardening","C3","Males",9,10,3,30,0.3
"422","Southwest","CAN","hardening","C4","Males",1,10,0,0,0
"423","Southwest","CAN","hardening","C4","Males",2,10,0,0,0
"424","Southwest","CAN","hardening","C4","Males",3,10,0,0,0
"425","Southwest","CAN","hardening","C4","Males",4,10,0,0,0
"426","Southwest","CAN","hardening","C4","Males",5,10,0,0,0
"427","Southwest","CAN","hardening","C4","Males",6,10,0,0,0
"428","Southwest","CAN","hardening","C4","Males",7,10,1,10,0.1
"429","Southwest","CAN","hardening","C4","Males",8,10,2,20,0.2
"430","Southwest","CAN","hardening","C4","Males",9,10,1,10,0.1
"431","Southwest","CAN","hardening","C4","Males",10,10,3,30,0.3
"432","Southwest","CAN","hardening","C4","Males",11,10,1,10,0.1
"433","Southwest","CAN","hardening","C4","Males",12,10,2,20,0.2
"434","Southwest","CAN","hardening","C4","Males",13,10,3,30,0.3
"435","Southwest","CAN","hardening","C5","Males",1,10,1,10,0.1
"436","Southwest","CAN","hardening","C5","Males",2,10,0,0,0
"437","Southwest","CAN","hardening","C5","Males",3,10,2,20,0.2
"438","Southwest","CAN","hardening","C5","Males",4,10,3,30,0.3
"439","Southwest","CAN","hardening","C5","Males",5,10,1,10,0.1
"440","Southwest","CAN","hardening","C5","Males",6,10,6,60,0.6
"441","Southwest","CAN","hardening","C5","Males",7,10,5,50,0.5
"442","Southwest","CAN","hardening","C5","Males",8,10,0,0,0
"443","Southwest","CAN","hardening","C5","Males",9,10,5,50,0.5
"444","Southwest","CAN","hardening","C5","Males",10,10,3,30,0.3
"445","Southwest","CAN","hardening","C5","Males",11,10,4,40,0.4
"446","Southwest","CAN","hardening","C5","Males",12,10,1,10,0.1
"447","Southwest","CAN","hardening","C5","Males",13,10,3,30,0.3
"448","Southwest","CAN","hardening","C5","Males",14,10,1,10,0.1
"449","Southwest","CAN","hardening","C5","Males",15,10,1,10,0.1
"450","Southwest","CAN","hardening","C5","Males",16,10,4,40,0.4
"451","Southwest","CAN","hardening","C5","Males",17,10,2,20,0.2
"452","Southwest","CAN","hardening","C5","Males",18,10,4,40,0.4
"453","Southwest","CAN","hardening","C8","Males",1,10,2,20,0.2
"454","Southwest","CAN","hardening","C8","Males",2,10,2,20,0.2
"455","Southwest","CAN","hardening","C8","Males",3,10,4,40,0.4
"456","Southwest","CAN","hardening","C8","Males",5,10,0,0,0
"457","Southwest","CAN","hardening","C12","Males",1,10,1,10,0.1
"458","Southwest","CAN","hardening","C12","Males",2,10,0,0,0
"459","Southwest","CAN","hardening","C12","Males",3,10,1,10,0.1
"460","Southwest","CAN","hardening","C12","Males",4,10,1,10,0.1
"461","Southwest","CAN","hardening","C12","Males",5,10,2,20,0.2
"462","Southwest","CAN","hardening","C12","Males",6,10,2,20,0.2
"463","Southwest","CAN","hardening","C12","Males",7,10,3,30,0.3
"464","Southwest","PRA","hardening","P1","Males",1,10,4,40,0.4
"465","Southwest","PRA","hardening","P1","Males",2,10,3,30,0.3
"466","Southwest","PRA","hardening","P1","Males",3,10,7,70,0.7
"467","Southwest","PRA","hardening","P1","Males",4,10,0,0,0
"468","Southwest","PRA","hardening","P1","Males",5,10,2,20,0.2
"469","Southwest","PRA","hardening","P4","Males",1,10,0,0,0
"470","Southwest","PRA","hardening","P4","Males",2,10,4,40,0.4
"471","Southwest","PRA","hardening","P4","Males",3,10,0,0,0
"472","Southwest","PRA","hardening","P4","Males",4,10,0,0,0
"473","Southwest","PRA","hardening","P4","Males",5,10,0,0,0
"474","Southwest","PRA","hardening","P4","Males",6,10,0,0,0
"475","Southwest","PRA","hardening","P6","Males",1,10,6,60,0.6
"476","Southwest","PRA","hardening","P6","Males",2,10,1,10,0.1
"477","Southwest","PRA","hardening","P6","Males",3,10,0,0,0
"478","Southwest","PRA","hardening","P6","Males",4,10,0,0,0
"479","Southwest","PRA","hardening","P6","Males",5,10,7,70,0.7
"480","Southwest","PRA","hardening","P6","Males",6,10,1,10,0.1
"481","Southwest","PRA","hardening","P8","Males",1,10,6,60,0.6
"482","Southwest","PRA","hardening","P8","Males",2,10,3,30,0.3
"483","Southwest","PRA","hardening","P8","Males",3,10,6,60,0.6
"484","Southwest","PRA","hardening","P8","Males",4,10,5,50,0.5
"485","Southwest","PRA","hardening","P8","Males",5,10,3,30,0.3
"486","Southwest","PRA","hardening","P9","Males",1,10,0,0,0
"487","Southwest","PRA","hardening","P9","Males",2,10,0,0,0
"488","Southwest","PRA","hardening","P9","Males",3,10,2,20,0.2
"489","Southwest","PRA","hardening","P9","Males",4,10,3,30,0.3
"490","Southwest","PRA","hardening","P9","Males",5,10,1,10,0.1
"491","Southwest","PRA","hardening","P9","Males",6,10,1,10,0.1
"492","Southwest","PRA","hardening","P10","Males",1,10,1,10,0.1
"493","Southwest","PRA","hardening","P10","Males",2,10,0,0,0
"494","Southwest","PRA","hardening","P10","Males",3,10,0,0,0
"495","Southwest","PRA","hardening","P10","Males",4,10,0,0,0
"496","Southwest","PRA","hardening","P10","Males",5,10,2,20,0.2
"497","Southwest","PRA","hardening","P10","Males",6,10,2,20,0.2
"498","Southwest","PRA","hardening","P10","Males",7,10,1,10,0.1
"499","Southwest","PRA","hardening","P10","Males",8,10,2,20,0.2
"500","Southwest","PRA","hardening","P10","Males",9,10,4,40,0.4
"501","Southwest","PRA","hardening","P10","Males",10,10,3,30,0.3
"502","Southwest","ROZ","hardening","Ro2","Males",1,10,9,90,0.9
"503","Southwest","ROZ","hardening","Ro2","Males",2,10,1,10,0.1
"504","Southwest","ROZ","hardening","Ro2","Males",3,10,5,50,0.5
"505","Southwest","ROZ","hardening","Ro2","Males",4,10,4,40,0.4
"506","Southwest","ROZ","hardening","Ro2","Males",5,10,5,50,0.5
"507","Southwest","ROZ","hardening","Ro2","Males",6,10,0,0,0
"508","Southwest","ROZ","hardening","Ro2","Males",7,10,7,70,0.7
"509","Southwest","ROZ","hardening","Ro2","Males",8,10,2,20,0.2
"510","Southwest","ROZ","hardening","Ro2","Males",9,10,4,40,0.4
"511","Southwest","ROZ","hardening","Ro6","Males",1,10,5,50,0.5
"512","Southwest","ROZ","hardening","Ro6","Males",2,10,1,10,0.1
"513","Southwest","ROZ","hardening","Ro6","Males",3,10,2,20,0.2
"514","Southwest","ROZ","hardening","Ro6","Males",4,10,2,20,0.2
"515","Southwest","ROZ","hardening","Ro6","Males",5,10,1,10,0.1
"516","Southwest","ROZ","hardening","Ro7","Males",1,10,0,0,0
"517","Southwest","ROZ","hardening","Ro7","Males",2,10,3,30,0.3
"518","Southwest","ROZ","hardening","Ro7","Males",3,10,8,80,0.8
"519","Southwest","ROZ","hardening","Ro7","Males",4,10,0,0,0
"520","Southwest","ROZ","hardening","Ro7","Males",5,10,3,30,0.3
"521","Southwest","ROZ","hardening","Ro7","Males",6,10,2,20,0.2
"522","Southwest","ROZ","hardening","Ro7","Males",7,10,2,20,0.2
"523","Southwest","ROZ","hardening","Ro10","Males",1,10,8,80,0.8
"524","Southwest","ROZ","hardening","Ro10","Males",2,10,7,70,0.7
"525","Southwest","ROZ","hardening","Ro10","Males",3,10,0,0,0
"526","Southwest","ROZ","hardening","Ro10","Males",4,10,0,0,0
"527","Southwest","ROZ","hardening","Ro10","Males",5,10,0,0,0
"528","Southwest","ROZ","hardening","Ro10","Males",6,10,2,20,0.2
"529","Southwest","ROZ","hardening","Ro10","Males",7,10,2,20,0.2
"530","Southwest","ROZ","hardening","Ro10","Males",8,10,1,10,0.1
"531","Southwest","ROZ","hardening","Ro10","Males",9,10,0,0,0
"532","Southwest","ROZ","hardening","Ro10","Males",10,10,3,30,0.3
"533","Southwest","ROZ","hardening","Ro10","Males",11,10,7,70,0.7
"534","Southwest","ROZ","hardening","Ro10","Males",12,10,1,10,0.1
"535","Southwest","ROZ","hardening","Ro10","Males",13,10,4,40,0.4
"536","Southwest","ROZ","hardening","Ro14","Males",1,10,4,40,0.4
"537","Southwest","ROZ","hardening","Ro14","Males",2,10,4,40,0.4
"538","Southwest","ROZ","hardening","Ro14","Males",3,10,5,50,0.5
"539","Southwest","ROZ","hardening","Ro14","Males",4,10,2,20,0.2
"540","Southwest","ROZ","hardening","Ro14","Males",5,10,1,10,0.1
"541","Southwest","ROZ","hardening","Ro14","Males",6,10,2,20,0.2
"542","Southwest","ROZ","hardening","Ro14","Males",7,10,3,30,0.3
"543","Southwest","ROZ","hardening","Ro14","Males",8,10,1,10,0.1
"544","Southwest","ROZ","hardening","Ro14","Males",9,10,4,40,0.4
"545","Caribbean","RIN","hardening","RI 1","Females",1,10,0,0,0
"546","Caribbean","RIN","hardening","RI 1","Females",2,10,1,10,0.1
"547","Caribbean","RIN","hardening","RI 1","Females",3,10,3,30,0.3
"548","Caribbean","RIN","hardening","RI 1","Females",4,10,0,0,0
"549","Caribbean","RIN","hardening","RI 1","Females",5,10,2,20,0.2
"550","Caribbean","RIN","hardening","RI 1","Females",6,10,2,20,0.2
"551","Caribbean","RIN","hardening","RI 2","Females",1,10,2,20,0.2
"552","Caribbean","RIN","hardening","RI 2","Females",2,10,6,60,0.6
"553","Caribbean","RIN","hardening","RI 2","Females",3,10,3,30,0.3
"554","Caribbean","RIN","hardening","RI 2","Females",4,10,2,20,0.2
"555","Caribbean","RIN","hardening","RI 2","Females",5,10,4,40,0.4
"556","Caribbean","RIN","hardening","RI 2","Females",6,10,2,20,0.2
"557","Caribbean","RIN","hardening","RI 3","Females",1,10,5,50,0.5
"558","Caribbean","RIN","hardening","RI 3","Females",2,10,2,20,0.2
"559","Caribbean","RIN","hardening","RI 3","Females",3,10,2,20,0.2
"560","Caribbean","RIN","hardening","RI 3","Females",4,10,0,0,0
"561","Caribbean","RIN","hardening","RI 3","Females",5,10,0,0,0
"562","Caribbean","RIN","hardening","RI 3","Females",6,10,0,0,0
"563","Caribbean","RIN","hardening","RI 3","Females",7,10,3,30,0.3
"564","Caribbean","RIN","hardening","RI 3","Females",8,10,2,20,0.2
"565","Caribbean","RIN","hardening","RI 3","Females",9,10,4,40,0.4
"566","Caribbean","RIN","hardening","RI 3","Females",10,10,0,0,0
"567","Caribbean","RIN","hardening","RI 6","Females",1,10,0,0,0
"568","Caribbean","RIN","hardening","RI 6","Females",2,10,3,30,0.3
"569","Caribbean","RIN","hardening","RI 6","Females",3,10,4,40,0.4
"570","Caribbean","RIN","hardening","RI 6","Females",4,10,4,40,0.4
"571","Caribbean","RIN","hardening","RI 6","Females",5,10,2,20,0.2
"572","Caribbean","RIN","hardening","RI 6","Females",6,10,1,10,0.1
"573","Caribbean","RIN","hardening","RI 6","Females",7,10,1,10,0.1
"574","Caribbean","RIN","hardening","RI 10","Females",1,10,0,0,0
"575","Caribbean","RIN","hardening","RI 10","Females",2,10,2,20,0.2
"576","Caribbean","RIN","hardening","RI 10","Females",3,10,3,30,0.3
"577","Caribbean","RIN","hardening","RI 10","Females",4,10,4,40,0.4
"578","Caribbean","RIN","hardening","RI 10","Females",5,10,3,30,0.3
"579","Caribbean","RIN","hardening","RI 10","Females",6,10,2,20,0.2
"580","Caribbean","RIN","hardening","RI 12","Females",1,10,3,30,0.3
"581","Caribbean","RIN","hardening","RI 12","Females",2,10,0,0,0
"582","Caribbean","RIN","hardening","RI 12","Females",3,10,0,0,0
"583","Caribbean","RIN","hardening","RI 12","Females",4,10,3,30,0.3
"584","Caribbean","RIN","hardening","RI 12","Females",5,10,0,0,0
"585","Caribbean","RIN","hardening","RI 12","Females",6,10,4,40,0.4
"586","Caribbean","RIN","hardening","RI 12","Females",7,10,0,0,0
"587","Caribbean","RIN","hardening","RI 16","Females",1,10,5,50,0.5
"588","Caribbean","RIN","hardening","RI 16","Females",2,10,1,10,0.1
"589","Caribbean","RIN","hardening","RI 16","Females",3,10,3,30,0.3
"590","Caribbean","RIN","hardening","RI 16","Females",4,10,3,30,0.3
"591","Caribbean","RIN","hardening","RI 16","Females",5,10,2,20,0.2
"592","Caribbean","RIN","hardening","RI 16","Females",6,10,3,30,0.3
"593","Caribbean","SAM","hardening","S1","Females",1,10,0,0,0
"594","Caribbean","SAM","hardening","S1","Females",2,10,1,10,0.1
"595","Caribbean","SAM","hardening","S1","Females",3,10,2,20,0.2
"596","Caribbean","SAM","hardening","S1","Females",4,10,1,10,0.1
"597","Caribbean","SAM","hardening","S1","Females",5,10,2,20,0.2
"598","Caribbean","SAM","hardening","S1","Females",6,10,0,0,0
"599","Caribbean","SAM","hardening","S5","Females",1,10,0,0,0
"600","Caribbean","SAM","hardening","S5","Females",2,10,4,40,0.4
"601","Caribbean","SAM","hardening","S5","Females",3,10,2,20,0.2
"602","Caribbean","SAM","hardening","S5","Females",4,10,4,40,0.4
"603","Caribbean","SAM","hardening","S5","Females",5,10,2,20,0.2
"604","Caribbean","SAM","hardening","S5","Females",6,10,8,80,0.8
"605","Caribbean","SAM","hardening","S5","Females",7,10,5,50,0.5
"606","Caribbean","SAM","hardening","S5","Females",8,10,3,30,0.3
"607","Caribbean","SAM","hardening","S5","Females",9,10,3,30,0.3
"608","Caribbean","SAM","hardening","S5","Females",10,10,5,50,0.5
"609","Caribbean","SAM","hardening","S10","Females",1,10,1,10,0.1
"610","Caribbean","SAM","hardening","S10","Females",2,10,1,10,0.1
"611","Caribbean","SAM","hardening","S10","Females",3,10,4,40,0.4
"612","Caribbean","SAM","hardening","S10","Females",4,10,1,10,0.1
"613","Caribbean","SAM","hardening","S10","Females",5,10,0,0,0
"614","Caribbean","SAM","hardening","S10","Females",6,10,0,0,0
"615","Caribbean","SAM","hardening","S12","Females",1,10,1,10,0.1
"616","Caribbean","SAM","hardening","S12","Females",2,10,1,10,0.1
"617","Caribbean","SAM","hardening","S12","Females",3,10,1,10,0.1
"618","Caribbean","SAM","hardening","S13","Females",1,10,0,0,0
"619","Caribbean","SAM","hardening","S13","Females",2,10,0,0,0
"620","Caribbean","SAM","hardening","S13","Females",3,10,5,50,0.5
"621","Caribbean","SAM","hardening","S13","Females",4,10,1,10,0.1
"622","Caribbean","SAM","hardening","S13","Females",5,10,0,0,0
"623","Caribbean","SAM","hardening","S13","Females",6,10,1,10,0.1
"624","Caribbean","SAM","hardening","S14","Females",1,10,3,30,0.3
"625","Caribbean","SAM","hardening","S14","Females",2,10,0,0,0
"626","Caribbean","SAM","hardening","S14","Females",3,10,1,10,0.1
"627","Caribbean","SAM","hardening","S14","Females",4,10,1,10,0.1
"628","Caribbean","SAM","hardening","S14","Females",5,10,4,40,0.4
"629","Caribbean","SAM","hardening","S14","Females",6,10,1,10,0.1
"630","Caribbean","SAM","hardening","S14","Females",7,10,1,10,0.1
"631","Caribbean","SAM","hardening","S14","Females",8,10,1,10,0.1
"632","Caribbean","SAM","hardening","S15","Females",1,10,2,20,0.2
"633","Caribbean","SAM","hardening","S15","Females",2,10,8,80,0.8
"634","Caribbean","SAM","hardening","S15","Females",3,10,4,40,0.4
"635","Caribbean","SAM","hardening","S15","Females",4,10,7,70,0.7
"636","Caribbean","SAM","hardening","S15","Females",5,10,8,80,0.8
"637","Caribbean","SAM","hardening","S15","Females",6,10,5,50,0.5
"638","Caribbean","SAM","hardening","S15","Females",7,10,3,30,0.3
"639","Caribbean","SAM","hardening","S15","Females",8,10,3,30,0.3
"640","Caribbean","SAM","hardening","S15","Females",9,10,5,50,0.5
"641","Caribbean","SAM","hardening","S16","Females",1,10,0,0,0
"642","Caribbean","SAM","hardening","S16","Females",2,10,1,10,0.1
"643","Caribbean","SAM","hardening","S16","Females",3,10,4,40,0.4
"644","Caribbean","SAM","hardening","S16","Females",4,10,0,0,0
"645","Caribbean","SAM","hardening","S16","Females",5,10,0,0,0
"646","Caribbean","TRE","hardening","T6","Females",1,10,0,0,0
"647","Caribbean","TRE","hardening","T6","Females",2,10,2,20,0.2
"648","Caribbean","TRE","hardening","T6","Females",3,10,1,10,0.1
"649","Caribbean","TRE","hardening","T6","Females",4,10,3,30,0.3
"650","Caribbean","TRE","hardening","T6","Females",5,10,2,20,0.2
"651","Caribbean","TRE","hardening","T6","Females",6,10,2,20,0.2
"652","Caribbean","TRE","hardening","T7","Females",1,10,2,20,0.2
"653","Caribbean","TRE","hardening","T7","Females",2,10,3,30,0.3
"654","Caribbean","TRE","hardening","T7","Females",3,10,1,10,0.1
"655","Caribbean","TRE","hardening","T7","Females",4,10,1,10,0.1
"656","Caribbean","TRE","hardening","T7","Females",5,10,2,20,0.2
"657","Caribbean","TRE","hardening","T8","Females",1,10,0,0,0
"658","Caribbean","TRE","hardening","T8","Females",2,10,1,10,0.1
"659","Caribbean","TRE","hardening","T8","Females",3,10,1,10,0.1
"660","Caribbean","TRE","hardening","T8","Females",4,10,1,10,0.1
"661","Caribbean","TRE","hardening","T8","Females",5,10,0,0,0
"662","Caribbean","TRE","hardening","T8","Females",6,10,2,20,0.2
"663","Caribbean","TRE","hardening","T8","Females",7,10,0,0,0
"664","Caribbean","TRE","hardening","T8","Females",8,10,1,10,0.1
"665","Caribbean","TRE","hardening","T8","Females",9,10,0,0,0
"666","Caribbean","TRE","hardening","T13","Females",1,10,1,10,0.1
"667","Caribbean","TRE","hardening","T13","Females",2,10,1,10,0.1
"668","Caribbean","TRE","hardening","T13","Females",3,10,2,20,0.2
"669","Caribbean","TRE","hardening","T13","Females",4,10,0,0,0
"670","Caribbean","TRE","hardening","T13","Females",5,10,2,20,0.2
"671","Caribbean","RIN","hardening","RI 1","Males",1,10,3,30,0.3
"672","Caribbean","RIN","hardening","RI 1","Males",2,10,2,20,0.2
"673","Caribbean","RIN","hardening","RI 1","Males",3,10,0,0,0
"674","Caribbean","RIN","hardening","RI 2","Males",1,10,1,10,0.1
"675","Caribbean","RIN","hardening","RI 2","Males",2,10,2,20,0.2
"676","Caribbean","RIN","hardening","RI 2","Males",3,10,0,0,0
"677","Caribbean","RIN","hardening","RI 2","Males",4,10,1,10,0.1
"678","Caribbean","RIN","hardening","RI 2","Males",5,10,0,0,0
"679","Caribbean","RIN","hardening","RI 2","Males",6,10,1,10,0.1
"680","Caribbean","RIN","hardening","RI 2","Males",7,10,1,10,0.1
"681","Caribbean","RIN","hardening","RI 2","Males",8,10,2,20,0.2
"682","Caribbean","RIN","hardening","RI 3","Males",1,10,2,20,0.2
"683","Caribbean","RIN","hardening","RI 3","Males",2,10,2,20,0.2
"684","Caribbean","RIN","hardening","RI 3","Males",3,10,0,0,0
"685","Caribbean","RIN","hardening","RI 3","Males",4,10,1,10,0.1
"686","Caribbean","RIN","hardening","RI 3","Males",5,10,1,10,0.1
"687","Caribbean","RIN","hardening","RI 3","Males",6,10,2,20,0.2
"688","Caribbean","RIN","hardening","RI 3","Males",7,10,4,40,0.4
"689","Caribbean","RIN","hardening","RI 6","Males",1,10,1,10,0.1
"690","Caribbean","RIN","hardening","RI 6","Males",2,10,0,0,0
"691","Caribbean","RIN","hardening","RI 6","Males",3,10,3,30,0.3
"692","Caribbean","RIN","hardening","RI 6","Males",4,10,3,30,0.3
"693","Caribbean","RIN","hardening","RI 6","Males",5,10,2,20,0.2
"694","Caribbean","RIN","hardening","RI 6","Males",6,10,5,50,0.5
"695","Caribbean","RIN","hardening","RI 6","Males",7,10,0,0,0
"696","Caribbean","RIN","hardening","RI 10","Males",1,10,0,0,0
"697","Caribbean","RIN","hardening","RI 10","Males",2,10,0,0,0
"698","Caribbean","RIN","hardening","RI 10","Males",3,10,4,40,0.4
"699","Caribbean","RIN","hardening","RI 10","Males",4,10,4,40,0.4
"700","Caribbean","RIN","hardening","RI 10","Males",5,10,2,20,0.2
"701","Caribbean","RIN","hardening","RI 12","Males",1,10,0,0,0
"702","Caribbean","RIN","hardening","RI 12","Males",2,10,0,0,0
"703","Caribbean","RIN","hardening","RI 12","Males",3,10,7,70,0.7
"704","Caribbean","RIN","hardening","RI 12","Males",4,10,1,10,0.1
"705","Caribbean","RIN","hardening","RI 12","Males",5,10,0,0,0
"706","Caribbean","RIN","hardening","RI 12","Males",6,10,5,50,0.5
"707","Caribbean","RIN","hardening","RI 12","Males",7,10,3,30,0.3
"708","Caribbean","RIN","hardening","RI 12","Males",8,10,0,0,0
"709","Caribbean","RIN","hardening","RI 12","Males",9,10,2,20,0.2
"710","Caribbean","RIN","hardening","RI 12","Males",10,10,0,0,0
"711","Caribbean","RIN","hardening","RI 16","Males",1,10,2,20,0.2
"712","Caribbean","RIN","hardening","RI 16","Males",2,10,3,30,0.3
"713","Caribbean","RIN","hardening","RI 16","Males",3,10,0,0,0
"714","Caribbean","RIN","hardening","RI 16","Males",4,10,1,10,0.1
"715","Caribbean","RIN","hardening","RI 16","Males",5,10,3,30,0.3
"716","Caribbean","RIN","hardening","RI 16","Males",6,10,1,10,0.1
"717","Caribbean","SAM","hardening","S1","Males",1,10,0,0,0
"718","Caribbean","SAM","hardening","S1","Males",2,10,0,0,0
"719","Caribbean","SAM","hardening","S1","Males",3,10,0,0,0
"720","Caribbean","SAM","hardening","S1","Males",4,10,0,0,0
"721","Caribbean","SAM","hardening","S1","Males",5,10,2,20,0.2
"722","Caribbean","SAM","hardening","S5","Males",1,10,2,20,0.2
"723","Caribbean","SAM","hardening","S5","Males",2,10,0,0,0
"724","Caribbean","SAM","hardening","S5","Males",3,10,6,60,0.6
"725","Caribbean","SAM","hardening","S5","Males",4,10,0,0,0
"726","Caribbean","SAM","hardening","S5","Males",5,10,1,10,0.1
"727","Caribbean","SAM","hardening","S5","Males",6,10,0,0,0
"728","Caribbean","SAM","hardening","S5","Males",7,10,0,0,0
"729","Caribbean","SAM","hardening","S10","Males",1,10,1,10,0.1
"730","Caribbean","SAM","hardening","S10","Males",2,10,0,0,0
"731","Caribbean","SAM","hardening","S12","Males",1,10,0,0,0
"732","Caribbean","SAM","hardening","S12","Males",2,10,2,20,0.2
"733","Caribbean","SAM","hardening","S12","Males",3,10,2,20,0.2
"734","Caribbean","SAM","hardening","S12","Males",4,10,1,10,0.1
"735","Caribbean","SAM","hardening","S12","Males",5,10,1,10,0.1
"736","Caribbean","SAM","hardening","S13","Males",1,10,0,0,0
"737","Caribbean","SAM","hardening","S13","Males",2,10,0,0,0
"738","Caribbean","SAM","hardening","S13","Males",3,10,0,0,0
"739","Caribbean","SAM","hardening","S13","Males",4,10,0,0,0
"740","Caribbean","SAM","hardening","S13","Males",5,10,0,0,0
"741","Caribbean","SAM","hardening","S14","Males",1,10,0,0,0
"742","Caribbean","SAM","hardening","S14","Males",2,10,1,10,0.1
"743","Caribbean","SAM","hardening","S14","Males",3,10,1,10,0.1
"744","Caribbean","SAM","hardening","S14","Males",4,10,0,0,0
"745","Caribbean","SAM","hardening","S14","Males",5,10,0,0,0
"746","Caribbean","SAM","hardening","S15","Males",1,10,2,20,0.2
"747","Caribbean","SAM","hardening","S15","Males",2,10,1,10,0.1
"748","Caribbean","SAM","hardening","S15","Males",3,10,2,20,0.2
"749","Caribbean","SAM","hardening","S16","Males",1,10,0,0,0
"750","Caribbean","SAM","hardening","S16","Males",2,10,0,0,0
"751","Caribbean","SAM","hardening","S16","Males",3,10,0,0,0
"752","Caribbean","TRE","hardening","T6","Males",1,10,0,0,0
"753","Caribbean","TRE","hardening","T6","Males",2,10,0,0,0
"754","Caribbean","TRE","hardening","T7","Males",1,10,0,0,0
"755","Caribbean","TRE","hardening","T7","Males",2,10,3,30,0.3
"756","Caribbean","TRE","hardening","T7","Males",3,10,0,0,0
"757","Caribbean","TRE","hardening","T7","Males",4,10,0,0,0
"758","Caribbean","TRE","hardening","T7","Males",5,10,4,40,0.4
"759","Caribbean","TRE","hardening","T7","Males",6,10,1,10,0.1
"760","Caribbean","TRE","hardening","T7","Males",7,10,2,20,0.2
"761","Caribbean","TRE","hardening","T7","Males",8,10,0,0,0
"762","Caribbean","TRE","hardening","T8","Males",1,10,0,0,0
"763","Caribbean","TRE","hardening","T8","Males",2,10,0,0,0
"764","Caribbean","TRE","hardening","T8","Males",3,10,2,20,0.2
"765","Caribbean","TRE","hardening","T8","Males",4,10,4,40,0.4
"766","Caribbean","TRE","hardening","T8","Males",5,10,3,30,0.3
"767","Caribbean","TRE","hardening","T8","Males",6,10,2,20,0.2
"768","Caribbean","TRE","hardening","T8","Males",7,10,0,0,0
"769","Caribbean","TRE","hardening","T8","Males",8,10,1,10,0.1
"770","Caribbean","TRE","hardening","T8","Males",9,10,0,0,0
"771","Caribbean","TRE","hardening","T8","Males",10,10,0,0,0
"772","Caribbean","TRE","hardening","T13","Males",1,10,2,20,0.2
"773","Caribbean","TRE","hardening","T13","Males",2,10,1,10,0.1
"774","Caribbean","TRE","hardening","T13","Males",3,10,0,0,0
"775","Caribbean","TRE","hardening","T13","Males",4,10,1,10,0.1
"776","Caribbean","TRE","hardening","T13","Males",5,10,1,10,0.1
"777","Caribbean","TRE","hardening","T13","Males",6,10,1,10,0.1
"778","Caribbean","TRE","hardening","T13","Males",7,10,1,10,0.1
"779","Caribbean","TRE","hardening","T13","Males",8,10,1,10,0.1
